{
  "run_id": 1,
  "fixture": "/home/rgoswami/Git/Github/LODE/readcon-core/resources/test/tiny_cuh2.con",
  "ladder": [
    10,
    50,
    100,
    200,
    500
  ],
  "fair": true,
  "note": "Shared CON ladder; ASE Atoms from readcon geometry (not legacy Cu2 stand-in)",
  "readcon_db": [
    {
      "backend": "readcon-db",
      "n_frames": 10,
      "insert_s": 0.00045208299707155675,
      "extract_all_mean_s": 1.7491549806436522e-05,
      "select_cu_mean_s": 8.534599910490215e-06,
      "select_natoms_mean_s": 4.273640224710107e-06,
      "select_energy_present_mean_s": 4.034639860037715e-06,
      "concurrent_8readers_extract_s": 0.01766080099332612,
      "insert_frames_per_s": 22119.83212104121,
      "extract_frames_per_s": 571704.629415983,
      "hit_symbol_Cu": 10,
      "hit_natoms_1_10000": 10,
      "hit_formula_Cu2H2": 10,
      "methodology": "CON ladder append; Select via indexes; multi-reader separate ConCorpus opens"
    },
    {
      "backend": "readcon-db",
      "n_frames": 50,
      "insert_s": 0.0007264769956236705,
      "extract_all_mean_s": 5.044049976277165e-05,
      "select_cu_mean_s": 1.4699180028401315e-05,
      "select_natoms_mean_s": 5.760419880971312e-06,
      "select_energy_present_mean_s": 4.233700165059417e-06,
      "concurrent_8readers_extract_s": 0.013020953992963769,
      "insert_frames_per_s": 68825.30389978239,
      "extract_frames_per_s": 991266.9429358675,
      "hit_symbol_Cu": 50,
      "hit_natoms_1_10000": 50,
      "hit_formula_Cu2H2": 50,
      "methodology": "CON ladder append; Select via indexes; multi-reader separate ConCorpus opens"
    },
    {
      "backend": "readcon-db",
      "n_frames": 100,
      "insert_s": 0.0010724569874582812,
      "extract_all_mean_s": 8.185264960047789e-05,
      "select_cu_mean_s": 2.4985700147226453e-05,
      "select_natoms_mean_s": 1.0784920013975353e-05,
      "select_energy_present_mean_s": 7.273500086739659e-06,
      "concurrent_8readers_extract_s": 0.01317625999217853,
      "insert_frames_per_s": 93243.83277785304,
      "extract_frames_per_s": 1221707.5499461433,
      "hit_symbol_Cu": 100,
      "hit_natoms_1_10000": 100,
      "hit_formula_Cu2H2": 100,
      "methodology": "CON ladder append; Select via indexes; multi-reader separate ConCorpus opens"
    },
    {
      "backend": "readcon-db",
      "n_frames": 200,
      "insert_s": 0.0020617200061678886,
      "extract_all_mean_s": 0.00016789555011200718,
      "select_cu_mean_s": 5.431743978988379e-05,
      "select_natoms_mean_s": 2.303171990206465e-05,
      "select_energy_present_mean_s": 1.5487220080103724e-05,
      "concurrent_8readers_extract_s": 0.014851073996396735,
      "insert_frames_per_s": 97006.38272979621,
      "extract_frames_per_s": 1191216.8003653174,
      "hit_symbol_Cu": 200,
      "hit_natoms_1_10000": 200,
      "hit_formula_Cu2H2": 200,
      "methodology": "CON ladder append; Select via indexes; multi-reader separate ConCorpus opens"
    },
    {
      "backend": "readcon-db",
      "n_frames": 500,
      "insert_s": 0.00930273300036788,
      "extract_all_mean_s": 0.0007893822003097739,
      "select_cu_mean_s": 0.00028877603996079414,
      "select_natoms_mean_s": 0.00013703773991437628,
      "select_energy_present_mean_s": 8.78098199609667e-05,
      "concurrent_8readers_extract_s": 0.015407771003083326,
      "insert_frames_per_s": 53747.645985349394,
      "extract_frames_per_s": 633406.7322569309,
      "hit_symbol_Cu": 500,
      "hit_natoms_1_10000": 500,
      "hit_formula_Cu2H2": 500,
      "methodology": "CON ladder append; Select via indexes; multi-reader separate ConCorpus opens"
    }
  ],
  "ase_db": [
    {
      "backend": "ase.db",
      "n_frames": 10,
      "insert_s": 0.013878559999284334,
      "extract_all_mean_s": 0.01067704320012126,
      "select_cu_mean_s": 0.004362303059897385,
      "select_natoms_mean_s": 0.004350987680081744,
      "select_energy_present_mean_s": 0.0005137391199241392,
      "concurrent_8readers_extract_s": 0.06477855000412092,
      "insert_frames_per_s": 720.53584813667,
      "extract_frames_per_s": 936.5888863207399,
      "hit_symbol_Cu": 10,
      "hit_natoms_1_10000": 10,
      "hit_formula_CuH_ase": 0,
      "hit_formula_note": "ASE reduced formula CuH vs readcon multiset Cu:2|H:2 \u2014 count agreement uses symbol+natoms",
      "methodology": "Same CON frames via readcon\u2192Atoms (no Cu2 stand-in); ASE SQLite select strings"
    },
    {
      "backend": "ase.db",
      "n_frames": 50,
      "insert_s": 0.029265532997669652,
      "extract_all_mean_s": 0.03130739359985455,
      "select_cu_mean_s": 0.028625349880021533,
      "select_natoms_mean_s": 0.024169689560076223,
      "select_energy_present_mean_s": 0.00041215346020180734,
      "concurrent_8readers_extract_s": 0.28151227498892695,
      "insert_frames_per_s": 1708.4944259850447,
      "extract_frames_per_s": 1597.0668347246988,
      "hit_symbol_Cu": 50,
      "hit_natoms_1_10000": 50,
      "hit_formula_CuH_ase": 0,
      "hit_formula_note": "ASE reduced formula CuH vs readcon multiset Cu:2|H:2 \u2014 count agreement uses symbol+natoms",
      "methodology": "Same CON frames via readcon\u2192Atoms (no Cu2 stand-in); ASE SQLite select strings"
    },
    {
      "backend": "ase.db",
      "n_frames": 100,
      "insert_s": 0.056492496994906105,
      "extract_all_mean_s": 0.07809923355016508,
      "select_cu_mean_s": 0.05121908436005469,
      "select_natoms_mean_s": 0.037897199239814654,
      "select_energy_present_mean_s": 0.0003008887602481991,
      "concurrent_8readers_extract_s": 0.5716660670004785,
      "insert_frames_per_s": 1770.1465737833635,
      "extract_frames_per_s": 1280.422296792036,
      "hit_symbol_Cu": 100,
      "hit_natoms_1_10000": 100,
      "hit_formula_CuH_ase": 0,
      "hit_formula_note": "ASE reduced formula CuH vs readcon multiset Cu:2|H:2 \u2014 count agreement uses symbol+natoms",
      "methodology": "Same CON frames via readcon\u2192Atoms (no Cu2 stand-in); ASE SQLite select strings"
    },
    {
      "backend": "ase.db",
      "n_frames": 200,
      "insert_s": 0.05980610100959893,
      "extract_all_mean_s": 0.12442555665038527,
      "select_cu_mean_s": 0.10394577545986977,
      "select_natoms_mean_s": 0.10590712016011822,
      "select_energy_present_mean_s": 0.0003454621598939411,
      "concurrent_8readers_extract_s": 1.4008531389990821,
      "insert_frames_per_s": 3344.140424200197,
      "extract_frames_per_s": 1607.3868213583012,
      "hit_symbol_Cu": 200,
      "hit_natoms_1_10000": 200,
      "hit_formula_CuH_ase": 0,
      "hit_formula_note": "ASE reduced formula CuH vs readcon multiset Cu:2|H:2 \u2014 count agreement uses symbol+natoms",
      "methodology": "Same CON frames via readcon\u2192Atoms (no Cu2 stand-in); ASE SQLite select strings"
    },
    {
      "backend": "ase.db",
      "n_frames": 500,
      "insert_s": 0.18280197700369172,
      "extract_all_mean_s": 0.2828783591503452,
      "select_cu_mean_s": 0.1976809186002356,
      "select_natoms_mean_s": 0.22240292003989454,
      "select_energy_present_mean_s": 0.0005585342200356536,
      "concurrent_8readers_extract_s": 1.924784158996772,
      "insert_frames_per_s": 2735.2001777852897,
      "extract_frames_per_s": 1767.5441893179895,
      "hit_symbol_Cu": 500,
      "hit_natoms_1_10000": 500,
      "hit_formula_CuH_ase": 0,
      "hit_formula_note": "ASE reduced formula CuH vs readcon multiset Cu:2|H:2 \u2014 count agreement uses symbol+natoms",
      "methodology": "Same CON frames via readcon\u2192Atoms (no Cu2 stand-in); ASE SQLite select strings"
    }
  ],
  "select_parity": [
    {
      "n_frames": 10,
      "hit_symbol_Cu_rdb": 10,
      "hit_symbol_Cu_ase": 10,
      "symbol_Cu_agree": true,
      "hit_natoms_rdb": 10,
      "hit_natoms_ase": 10,
      "natoms_agree": true
    },
    {
      "n_frames": 50,
      "hit_symbol_Cu_rdb": 50,
      "hit_symbol_Cu_ase": 50,
      "symbol_Cu_agree": true,