{
  "run_id": 1,
  "fixture": "/home/rgoswami/Git/Github/LODE/readcon-core/resources/test/tiny_cuh2.con",
  "ladder": [
    10,
    50,
    100,
    200,
    500
  ],
  "fair": true,
  "note": "Shared CON ladder; ASE Atoms from readcon geometry (not legacy Cu2 stand-in)",
  "readcon_db": [
    {
      "backend": "readcon-db",
      "n_frames": 10,
      "insert_s": 0.00068439899769146,
      "extract_all_mean_s": 0.00018924324976978823,
      "select_cu_mean_s": 1.1784259986598045e-05,
      "select_natoms_mean_s": 5.23522001458332e-06,
      "select_mass_mean_s": 9.825559973251074e-06,
      "select_volume_mean_s": 8.412299794144928e-06,
      "select_energy_present_mean_s": null,
      "energy_select_skipped": true,
      "mass_window": [
        127.81692,
        130.39908
      ],
      "volume_window": [
        32969.99090879999,
        33636.05133119999
      ],
      "concurrent_8readers_extract_s": 0.015360322999185883,
      "insert_frames_per_s": 14611.359797034931,
      "extract_frames_per_s": 52842.0433075677,
      "hit_symbol_Cu": 10,
      "hit_natoms_1_10000": 10,
      "hit_formula_Cu2H2": 10,
      "hit_mass_window": 10,
      "hit_volume_window": 10,
      "methodology": "CON ladder append; Select via indexes; 8 threads share one ConCorpus (LMDB multi-reader)"
    },
    {
      "backend": "readcon-db",
      "n_frames": 50,
      "insert_s": 0.0017670419911155477,
      "extract_all_mean_s": 0.000360495199856814,
      "select_cu_mean_s": 3.575909999199212e-05,
      "select_natoms_mean_s": 7.795715995598585e-05,
      "select_mass_mean_s": 9.365399979287759e-05,
      "select_volume_mean_s": 2.877248014556244e-05,
      "select_energy_present_mean_s": null,
      "energy_select_skipped": true,
      "mass_window": [
        127.81692,
        130.39908
      ],
      "volume_window": [
        32969.99090879999,
        33636.05133119999
      ],
      "concurrent_8readers_extract_s": 0.014532460001646541,
      "insert_frames_per_s": 28295.87539594042,
      "extract_frames_per_s": 138698.10199930437,
      "hit_symbol_Cu": 50,
      "hit_natoms_1_10000": 50,
      "hit_formula_Cu2H2": 50,
      "hit_mass_window": 50,
      "hit_volume_window": 50,
      "methodology": "CON ladder append; Select via indexes; 8 threads share one ConCorpus (LMDB multi-reader)"
    },
    {
      "backend": "readcon-db",
      "n_frames": 100,
      "insert_s": 0.0018167629896197468,
      "extract_all_mean_s": 0.00015137154987314715,
      "select_cu_mean_s": 4.6201480145100505e-05,
      "select_natoms_mean_s": 2.2097559995017946e-05,
      "select_mass_mean_s": 4.10825401195325e-05,
      "select_volume_mean_s": 3.596504015149549e-05,
      "select_energy_present_mean_s": null,
      "energy_select_skipped": true,
      "mass_window": [
        127.81692,
        130.39908
      ],
      "volume_window": [
        32969.99090879999,
        33636.05133119999
      ],
      "concurrent_8readers_extract_s": 0.020407674004673027,
      "insert_frames_per_s": 55042.953082685955,
      "extract_frames_per_s": 660626.122172907,
      "hit_symbol_Cu": 100,
      "hit_natoms_1_10000": 100,
      "hit_formula_Cu2H2": 100,
      "hit_mass_window": 100,
      "hit_volume_window": 100,
      "methodology": "CON ladder append; Select via indexes; 8 threads share one ConCorpus (LMDB multi-reader)"
    },
    {
      "backend": "readcon-db",
      "n_frames": 200,
      "insert_s": 0.008833194006001577,
      "extract_all_mean_s": 0.0009350046500912867,
      "select_cu_mean_s": 0.0002151802001753822,
      "select_natoms_mean_s": 5.9805859928019343e-05,
      "select_mass_mean_s": 0.0002712393799447455,
      "select_volume_mean_s": 0.0003175463000661693,
      "select_energy_present_mean_s": null,
      "energy_select_skipped": true,
      "mass_window": [
        127.81692,
        130.39908
      ],
      "volume_window": [
        32969.99090879999,
        33636.05133119999
      ],
      "concurrent_8readers_extract_s": 0.04791890599881299,
      "insert_frames_per_s": 22641.86656198348,
      "extract_frames_per_s": 213902.67950054957,
      "hit_symbol_Cu": 200,
      "hit_natoms_1_10000": 200,
      "hit_formula_Cu2H2": 200,
      "hit_mass_window": 200,
      "hit_volume_window": 200,
      "methodology": "CON ladder append; Select via indexes; 8 threads share one ConCorpus (LMDB multi-reader)"
    },
    {
      "backend": "readcon-db",
      "n_frames": 500,
      "insert_s": 0.010447532011312433,
      "extract_all_mean_s": 0.0007796614496328403,
      "select_cu_mean_s": 0.00027991588023724035,
      "select_natoms_mean_s": 0.00012521538010332734,
      "select_mass_mean_s": 0.00026107965997653084,
      "select_volume_mean_s": 0.00041424361988902093,
      "select_energy_present_mean_s": null,
      "energy_select_skipped": true,
      "mass_window": [
        127.81692,
        130.39908
      ],
      "volume_window": [
        32969.99090879999,
        33636.05133119999
      ],
      "concurrent_8readers_extract_s": 0.04090921599708963,
      "insert_frames_per_s": 47858.1926773335,
      "extract_frames_per_s": 641303.991925548,
      "hit_symbol_Cu": 500,
      "hit_natoms_1_10000": 500,
      "hit_formula_Cu2H2": 500,
      "hit_mass_window": 500,
      "hit_volume_window": 500,
      "methodology": "CON ladder append; Select via indexes; 8 threads share one ConCorpus (LMDB multi-reader)"
    }
  ],
  "ase_db": [
    {
      "backend": "ase.db",
      "n_frames": 10,
      "insert_s": 0.02775371899770107,
      "extract_all_mean_s": 0.03636682065043715,
      "select_cu_mean_s": 0.02284939853998367,
      "select_natoms_mean_s": 0.019308649779995902,
      "select_mass_mean_s": 0.02512763848004397,
      "select_volume_mean_s": 0.014180550220189617,
      "select_energy_present_mean_s": null,
      "energy_select_skipped": true,
      "mass_window": [
        127.81692,
        130.39908
      ],
      "volume_window": [
        32969.99090879999,
        33636.05133119999
      ],
      "concurrent_8readers_extract_s": 0.15435227200214285,
      "insert_frames_per_s": 360.31207208044196,
      "extract_frames_per_s": 274.9759209396215,
      "hit_symbol_Cu": 10,
      "hit_natoms_1_10000": 10,
      "hit_formula_CuH_ase": 0,
      "hit_mass_window": 10,
      "hit_volume_window": 10,
      "hit_formula_note": "ASE reduced formula CuH vs readcon multiset Cu:2|H:2 \u2014 count agreement uses symbol+natoms+mass+volume",
      "methodology": "Same CON frames via readcon\u2192Atoms (no Cu2 stand-in); 8 threads share one ase.db connection"
    },
    {
      "backend": "ase.db",
      "n_frames": 50,
      "insert_s": 0.14566858600301202,
      "extract_all_mean_s": 0.11572249715027283,
      "select_cu_mean_s": 0.08800425699999323,
      "select_natoms_mean_s": 0.04921768480009632,
      "select_mass_mean_s": 0.06739799686009064,
      "select_volume_mean_s": 0.05669293437997112,
      "select_energy_present_mean_s": null,
      "energy_select_skipped": true,
      "mass_window": [
        127.81692,
        130.39908
      ],
      "volume_window": [
        32969.99090879999,
        33636.05133119999
      ],
      "concurrent_8readers_extract_s": 0.45679178000136744,
      "insert_frames_per_s": 343.2449052465309,
      "extract_frames_per_s": 432.068104571507,
      "hit_symbol_Cu": 50,
      "hit_natoms_1_10000": 50,
      "hit_formula_CuH_ase": 0,
      "hit_mass_window": 50,
      "hit_volume_window": 50,
      "hit_formula_note": "ASE reduced formula CuH vs readcon multiset Cu:2|H:2 \u2014 count agreement uses symbol+natoms+mass+volume",
      "methodology": "Same CON frames via readcon\u2192Atoms (no Cu2 stand-in); 8 threads share one ase.db connection"
    },
    {
      "backend": "ase.db",
      "n_frames": 100,
      "insert_s": 0.09050714698969387,
      "extract_all_mean_s": 0.12736351104977076,
      "select_cu_mean_s": 0.15210483823990217,
      "select_natoms_mean_s": 0.11421862493996741,