{
  "run_id": 1,
  "fixture": "/home/rgoswami/Git/Github/LODE/readcon-core/resources/test/tiny_cuh2.con",
  "ladder": [
    10,
    50,
    100,
    200,
    500
  ],
  "fair": true,
  "note": "Shared CON ladder; ASE Atoms from readcon geometry (not legacy Cu2 stand-in)",
  "readcon_db": [
    {
      "backend": "readcon-db",
      "n_frames": 10,
      "insert_s": 0.0004408060049172491,
      "extract_all_mean_s": 1.7772700084606184e-05,
      "select_cu_mean_s": 7.776560087222606e-06,
      "select_natoms_mean_s": 3.740060201380402e-06,
      "select_energy_present_mean_s": 4.1030399734154345e-06,
      "concurrent_8readers_extract_s": 0.002460089002852328,
      "insert_frames_per_s": 22685.71636604012,
      "extract_frames_per_s": 562660.7072867614,
      "hit_symbol_Cu": 10,
      "hit_natoms_1_10000": 10,
      "hit_formula_Cu2H2": 10,
      "methodology": "CON ladder append; Select via indexes; 8 threads share one ConCorpus (LMDB multi-reader)"
    },
    {
      "backend": "readcon-db",
      "n_frames": 50,
      "insert_s": 0.001208485002280213,
      "extract_all_mean_s": 8.503610006300732e-05,
      "select_cu_mean_s": 2.6030620210804047e-05,
      "select_natoms_mean_s": 1.2608279939740897e-05,
      "select_energy_present_mean_s": 8.36427992908284e-06,
      "concurrent_8readers_extract_s": 0.0071557439950993285,
      "insert_frames_per_s": 41374.11710170851,
      "extract_frames_per_s": 587985.5727503096,
      "hit_symbol_Cu": 50,
      "hit_natoms_1_10000": 50,
      "hit_formula_Cu2H2": 50,
      "methodology": "CON ladder append; Select via indexes; 8 threads share one ConCorpus (LMDB multi-reader)"
    },
    {
      "backend": "readcon-db",
      "n_frames": 100,
      "insert_s": 0.002630888993735425,
      "extract_all_mean_s": 0.00021109014996909537,
      "select_cu_mean_s": 6.350362004013732e-05,
      "select_natoms_mean_s": 2.9006800032220782e-05,
      "select_energy_present_mean_s": 2.0598959818016738e-05,
      "concurrent_8readers_extract_s": 0.018991300006746314,
      "insert_frames_per_s": 38009.96554325031,
      "extract_frames_per_s": 473731.24712186,
      "hit_symbol_Cu": 100,
      "hit_natoms_1_10000": 100,
      "hit_formula_Cu2H2": 100,
      "methodology": "CON ladder append; Select via indexes; 8 threads share one ConCorpus (LMDB multi-reader)"
    },
    {
      "backend": "readcon-db",
      "n_frames": 200,
      "insert_s": 0.0053236170060699806,
      "extract_all_mean_s": 0.00042629244999261575,
      "select_cu_mean_s": 0.0001415378600358963,
      "select_natoms_mean_s": 6.355569988954813e-05,
      "select_energy_present_mean_s": 4.398693999974057e-05,
      "concurrent_8readers_extract_s": 0.014909065008396283,
      "insert_frames_per_s": 37568.44261560519,
      "extract_frames_per_s": 469161.4876206801,
      "hit_symbol_Cu": 200,
      "hit_natoms_1_10000": 200,
      "hit_formula_Cu2H2": 200,
      "methodology": "CON ladder append; Select via indexes; 8 threads share one ConCorpus (LMDB multi-reader)"
    },
    {
      "backend": "readcon-db",
      "n_frames": 500,
      "insert_s": 0.01748279298772104,
      "extract_all_mean_s": 0.001319019650691189,
      "select_cu_mean_s": 0.0004163911601062864,
      "select_natoms_mean_s": 0.00018318354006623849,
      "select_energy_present_mean_s": 0.00010446217987919226,
      "concurrent_8readers_extract_s": 0.021458521994645707,
      "insert_frames_per_s": 28599.54930262989,
      "extract_frames_per_s": 379069.40941933007,
      "hit_symbol_Cu": 500,
      "hit_natoms_1_10000": 500,
      "hit_formula_Cu2H2": 500,
      "methodology": "CON ladder append; Select via indexes; 8 threads share one ConCorpus (LMDB multi-reader)"
    }
  ],
  "ase_db": [
    {
      "backend": "ase.db",
      "n_frames": 10,
      "insert_s": 0.008297998996567912,
      "extract_all_mean_s": 0.008372801549558061,
      "select_cu_mean_s": 0.010212952780129854,
      "select_natoms_mean_s": 0.009673735800024588,
      "select_energy_present_mean_s": 0.0007477347599342465,
      "concurrent_8readers_extract_s": 0.11069271998712793,
      "insert_frames_per_s": 1205.1098107068997,
      "extract_frames_per_s": 1194.3433677259227,
      "hit_symbol_Cu": 10,
      "hit_natoms_1_10000": 10,
      "hit_formula_CuH_ase": 0,
      "hit_formula_note": "ASE reduced formula CuH vs readcon multiset Cu:2|H:2 \u2014 count agreement uses symbol+natoms",
      "methodology": "Same CON frames via readcon\u2192Atoms (no Cu2 stand-in); 8 threads share one ase.db connection"
    },
    {
      "backend": "ase.db",
      "n_frames": 50,
      "insert_s": 0.05837233799684327,
      "extract_all_mean_s": 0.04622591899969848,
      "select_cu_mean_s": 0.04971282501996029,
      "select_natoms_mean_s": 0.047314102379896215,
      "select_energy_present_mean_s": 0.0010412308998638763,
      "concurrent_8readers_extract_s": 0.45859297399874777,
      "insert_frames_per_s": 856.5701103612461,
      "extract_frames_per_s": 1081.6442610978947,
      "hit_symbol_Cu": 50,
      "hit_natoms_1_10000": 50,
      "hit_formula_CuH_ase": 0,
      "hit_formula_note": "ASE reduced formula CuH vs readcon multiset Cu:2|H:2 \u2014 count agreement uses symbol+natoms",
      "methodology": "Same CON frames via readcon\u2192Atoms (no Cu2 stand-in); 8 threads share one ase.db connection"
    },
    {
      "backend": "ase.db",
      "n_frames": 100,
      "insert_s": 0.10342914301145356,
      "extract_all_mean_s": 0.15013897220051148,
      "select_cu_mean_s": 0.09438475742004812,
      "select_natoms_mean_s": 0.09763685218000319,
      "select_energy_present_mean_s": 0.0010027485000318847,
      "concurrent_8readers_extract_s": 0.9268781169957947,
      "insert_frames_per_s": 966.8454855990267,
      "extract_frames_per_s": 666.049584157599,
      "hit_symbol_Cu": 100,
      "hit_natoms_1_10000": 100,
      "hit_formula_CuH_ase": 0,
      "hit_formula_note": "ASE reduced formula CuH vs readcon multiset Cu:2|H:2 \u2014 count agreement uses symbol+natoms",
      "methodology": "Same CON frames via readcon\u2192Atoms (no Cu2 stand-in); 8 threads share one ase.db connection"
    },
    {
      "backend": "ase.db",
      "n_frames": 200,
      "insert_s": 0.24322500599373598,
      "extract_all_mean_s": 0.19296004570060177,
      "select_cu_mean_s": 0.20861807793990012,
      "select_natoms_mean_s": 0.16688077150000027,
      "select_energy_present_mean_s": 0.0005736564198741689,
      "concurrent_8readers_extract_s": 2.057062214007601,
      "insert_frames_per_s": 822.2838732508893,
      "extract_frames_per_s": 1036.4839999588385,
      "hit_symbol_Cu": 200,
      "hit_natoms_1_10000": 200,
      "hit_formula_CuH_ase": 0,
      "hit_formula_note": "ASE reduced formula CuH vs readcon multiset Cu:2|H:2 \u2014 count agreement uses symbol+natoms",
      "methodology": "Same CON frames via readcon\u2192Atoms (no Cu2 stand-in); 8 threads share one ase.db connection"
    },
    {
      "backend": "ase.db",
      "n_frames": 500,
      "insert_s": 0.9351200079981936,
      "extract_all_mean_s": 0.6456179185501242,
      "select_cu_mean_s": 0.48570831456017916,
      "select_natoms_mean_s": 0.5510994814799051,
      "select_energy_present_mean_s": 0.0008548905799398199,
      "concurrent_8readers_extract_s": 4.750392350004404,
      "insert_frames_per_s": 534.690730305672,
      "extract_frames_per_s": 774.4518632984336,
      "hit_symbol_Cu": 500,
      "hit_natoms_1_10000": 500,
      "hit_formula_CuH_ase": 0,
      "hit_formula_note": "ASE reduced formula CuH vs readcon multiset Cu:2|H:2 \u2014 count agreement uses symbol+natoms",
      "methodology": "Same CON frames via readcon\u2192Atoms (no Cu2 stand-in); 8 threads share one ase.db connection"
    }
  ],
  "select_parity": [
    {
      "n_frames": 10,
      "hit_symbol_Cu_rdb": 10,
      "hit_symbol_Cu_ase": 10,
      "symbol_Cu_agree": true,
      "hit_natoms_rdb": 10,
      "hit_natoms_ase": 10,